{"results": [{"login": {"uuid": "fb601252-5ea4-4a61-8c4a-af5f16b88c0f", "sha256": "cc187c931e6f95ab4599dfd3ac2b90c2fe95b3065ed45f1046951f06ce53fa0e", "md5": "aa223cf55d38c9c24b56091470dc279a", "password": "dope", "username": "redmouse949", "salt": "4PrMzecX", "sha1": "7cad0757b983ce91bbb35b77369cf3fa10c6cb35"}, "name": {"last": "morin", "title": "mademoiselle", "first": "xenia"}, "registered": {"date": "2017-06-27T19:25:53Z", "age": 1}, "picture": {"thumbnail": "https://randomuser.me/api/portraits/thumb/women/8.jpg", "large": "https://randomuser.me/api/portraits/women/8.jpg", "medium": "https://randomuser.me/api/portraits/med/women/8.jpg"}, "location": {"street": "1116 boulevard de la duch\u00e8re", "timezone": {"description": "Eniwetok, Kwajalein", "offset": "-12:00"}, "postcode": 7710, "coordinates": {"latitude": "-56.9175", "longitude": "20.4930"}, "state": "basel-stadt", "city": "gachnang"}, "gender": "female", "id": {"name": "AVS", "value": "756.2114.2875.40"}, "phone": "(557)-090-2266", "email": "xenia.morin@example.com", "dob": {"date": "1962-08-10T16:01:10Z", "age": 56}, "nat": "CH", "cell": "(933)-691-0685"}], "info": {"results": 1, "version": "1.2", "seed": "b053ded122062689", "page": 1}}{"results": [{"picture": {"large": "https://randomuser.me/api/portraits/men/89.jpg", "thumbnail": "https://randomuser.me/api/portraits/thumb/men/89.jpg", "medium": "https://randomuser.me/api/portraits/med/men/89.jpg"}, "dob": {"age": 46, "date": "1972-04-15T14:50:07Z"}, "location": {"coordinates": {"longitude": "-13.3687", "latitude": "3.1186"}, "state": "gers", "timezone": {"description": "Kabul", "offset": "+4:30"}, "city": "champigny-sur-marne", "postcode": 88743, "street": "6874 place de l'abb\u00e9-basset"}, "cell": "06-34-95-57-93", "gender": "male", "phone": "05-04-54-19-83", "name": {"title": "mr", "first": "tom", "last": "masson"}, "nat": "FR", "login": {"sha256": "d6b81c86497ea03528c87cf33ced9b895a7ff79f5400a3309a67626c3e1202b9", "uuid": "faaa335d-e4ea-40cf-b39e-c8fee07862ee", "sha1": "85f9147b0c75671c9579f6da9d28fe60aaa1c7d9", "username": "purplewolf823", "md5": "2d6bf271ff3fb20399aef763a94c1cbc", "password": "cleaner", "salt": "6t5PdX9l"}, "registered": {"age": 1, "date": "2018-02-23T12:46:58Z"}, "id": {"name": "INSEE", "value": "1NNaN71462108 04"}, "email": "tom.masson@example.com"}], "info": {"results": 1, "seed": "42d7dee51da3ce63", "page": 1, "version": "1.2"}}{"info": {"seed": "01faffdc692dbd5b", "version": "1.2", "page": 1, "results": 1}, "results": [{"location": {"postcode": 89963, "city": "las palmas de gran canaria", "state": "comunidad valenciana", "timezone": {"description": "Azores, Cape Verde Islands", "offset": "-1:00"}, "coordinates": {"longitude": "-66.8951", "latitude": "-21.5125"}, "street": "4722 calle de alcal\u00e1"}, "phone": "912-276-185", "picture": {"large": "https://randomuser.me/api/portraits/men/79.jpg", "thumbnail": "https://randomuser.me/api/portraits/thumb/men/79.jpg", "medium": "https://randomuser.me/api/portraits/med/men/79.jpg"}, "email": "john.pe\u00f1a@example.com", "id": {"value": "31838570-P", "name": "DNI"}, "registered": {"date": "2006-11-13T07:01:11Z", "age": 12}, "nat": "ES", "login": {"salt": "1T97X7m2", "md5": "2ac86e7b943ed80504cf5761b7479a6c", "password": "cold", "sha1": "58ac653cb2dec36329ec175119dbf57dd03459b9", "sha256": "80bc4336f635ebf831292aba1e028a48373342dd446c579e6ecee9e5fed26de9", "username": "lazybird298", "uuid": "9b67469e-dbff-4cf3-9371-3c4c234ca2d9"}, "dob": {"date": "1985-10-17T11:42:38Z", "age": 33}, "gender": "male", "cell": "640-477-530", "name": {"last": "pe\u00f1a", "title": "mr", "first": "john"}}]}{"info": {"seed": "11948c212955ab71", "version": "1.2", "page": 1, "results": 1}, "results": [{"email": "cameron.edwards@example.com", "gender": "male", "location": {"state": "australian capital territory", "city": "rockhampton", "street": "9408 central st", "timezone": {"description": "Western Europe Time, London, Lisbon, Casablanca", "offset": "0:00"}, "coordinates": {"latitude": "-81.8734", "longitude": "-31.3890"}, "postcode": 869}, "phone": "07-8883-0864", "nat": "AU", "dob": {"date": "1964-08-21T14:33:53Z", "age": 54}, "login": {"sha1": "262d64b018ed7efbbc41f7f9873308f39e1420fd", "username": "purplezebra751", "uuid": "23781b1f-b23d-4f39-a6af-b6f2bdde61da", "salt": "Tjp18lLy", "password": "hello1", "sha256": "981fba74cf23b11977f49b334ed5f5a95079cdfc78975030440d836abb31e567", "md5": "8b96bd20f053143fec0af1253c4cd94a"}, "id": {"value": "458638480", "name": "TFN"}, "cell": "0458-915-050", "registered": {"date": "2017-07-30T01:16:01Z", "age": 1}, "picture": {"thumbnail": "https://randomuser.me/api/portraits/thumb/men/15.jpg", "medium": "https://randomuser.me/api/portraits/med/men/15.jpg", "large": "https://randomuser.me/api/portraits/men/15.jpg"}, "name": {"last": "edwards", "first": "cameron", "title": "mr"}}]}{"results": [{"dob": {"date": "1948-12-25T05:08:24Z", "age": 70}, "gender": "male", "nat": "NZ", "id": {"value": null, "name": ""}, "login": {"uuid": "f2482161-a7fb-4690-a55e-917beaaa8071", "sha1": "53435f711727ec29ec3a1a866407f8241f1fced5", "salt": "OD0QzLbz", "password": "foot", "md5": "36b2b02a6c6cb52a16bc4710be9b3606", "sha256": "fe4d2633615a6d84ed81dac0fff417bb0dbd2c05e4891e17f23a56fdf83a0ef3", "username": "greenwolf640"}, "picture": {"medium": "https://randomuser.me/api/portraits/med/men/71.jpg", "thumbnail": "https://randomuser.me/api/portraits/thumb/men/71.jpg", "large": "https://randomuser.me/api/portraits/men/71.jpg"}, "email": "vincent.evans@example.com", "registered": {"date": "2010-01-28T08:19:18Z", "age": 9}, "location": {"postcode": 15943, "street": "5399 chatham road", "coordinates": {"latitude": "65.3417", "longitude": "-122.9273"}, "state": "marlborough", "city": "blenheim", "timezone": {"offset": "-4:00", "description": "Atlantic Time (Canada), Caracas, La Paz"}}, "name": {"last": "evans", "title": "mr", "first": "vincent"}, "phone": "(966)-650-4191", "cell": "(941)-280-5749"}], "info": {"results": 1, "page": 1, "version": "1.2", "seed": "e2e95d8dfbef64ff"}}{"results": [{"nat": "NZ", "cell": "(486)-346-2785", "location": {"timezone": {"offset": "-2:00", "description": "Mid-Atlantic"}, "state": "wellington", "street": "4434 portobello road", "postcode": 52647, "city": "blenheim", "coordinates": {"latitude": "63.3858", "longitude": "-37.4563"}}, "registered": {"date": "2008-08-16T06:19:57Z", "age": 10}, "picture": {"thumbnail": "https://randomuser.me/api/portraits/thumb/men/77.jpg", "large": "https://randomuser.me/api/portraits/men/77.jpg", "medium": "https://randomuser.me/api/portraits/med/men/77.jpg"}, "id": {"name": "", "value": null}, "phone": "(233)-275-2353", "name": {"first": "ryan", "title": "mr", "last": "white"}, "gender": "male", "login": {"uuid": "dd67a0e7-77d0-400c-bb00-306c3553b845", "password": "rang", "salt": "DD2cbaWD", "sha256": "3dd234878d8a15da4feb63ba9641e7949c2b771b317e39e58cf7a1c806f170c9", "sha1": "16ba47043f2ba0cbdfce4c975e7a023463ce03be", "username": "beautifulbear318", "md5": "bded57dcd97e0c26d02c76d3d6031214"}, "email": "ryan.white@example.com", "dob": {"date": "1946-02-01T11:03:21Z", "age": 73}}], "info": {"seed": "152e72cd3b0ec0d0", "results": 1, "version": "1.2", "page": 1}}{"info": {"version": "1.2", "seed": "96415460709e78cc", "page": 1, "results": 1}, "results": [{"registered": {"age": 7, "date": "2012-01-07T14:18:25Z"}, "phone": "019467 58328", "dob": {"age": 72, "date": "1946-11-23T23:19:02Z"}, "picture": {"large": "https://randomuser.me/api/portraits/women/19.jpg", "medium": "https://randomuser.me/api/portraits/med/women/19.jpg", "thumbnail": "https://randomuser.me/api/portraits/thumb/women/19.jpg"}, "location": {"coordinates": {"longitude": "118.4828", "latitude": "12.7778"}, "street": "8280 kings road", "city": "manchester", "state": "leicestershire", "postcode": "TO34 7XN", "timezone": {"description": "Brazil, Buenos Aires, Georgetown", "offset": "-3:00"}}, "email": "tracy.nichols@example.com", "nat": "GB", "id": {"value": "BY 72 22 47 K", "name": "NINO"}, "cell": "0792-395-297", "name": {"title": "miss", "first": "tracy", "last": "nichols"}, "gender": "female", "login": {"salt": "QDgM96JE", "username": "bigfrog191", "sha1": "68caf67d57dcf5d99ed3c323e4f1141cff5da4b7", "md5": "504615c28fc1c549fc2d124fec842b94", "password": "seth", "uuid": "fa25d589-8b71-4afe-97c1-51093e77008c", "sha256": "f02554631300ff69749a49adb1f7a7a8af0d4a244c3158f31b49ebc1ac2d8340"}}]}{"info": {"version": "1.2", "seed": "29253ff33e691612", "page": 1, "results": 1}, "results": [{"registered": {"age": 4, "date": "2014-10-22T05:46:07Z"}, "phone": "024-34937548", "dob": {"age": 30, "date": "1988-12-11T19:22:31Z"}, "picture": {"large": "https://randomuser.me/api/portraits/women/60.jpg", "medium": "https://randomuser.me/api/portraits/med/women/60.jpg", "thumbnail": "https://randomuser.me/api/portraits/thumb/women/60.jpg"}, "location": {"coordinates": {"longitude": "158.2017", "latitude": "31.5920"}, "street": "4863 \u0642\u0627\u0626\u0645 \u0645\u0642\u0627\u0645 \u0641\u0631\u0627\u0647\u0627\u0646\u06cc", "city": "\u062e\u0631\u0645\u200c\u0622\u0628\u0627\u062f", "state": "\u06a9\u0647\u06af\u06cc\u0644\u0648\u06cc\u0647 \u0648 \u0628\u0648\u06cc\u0631\u0627\u062d\u0645\u062f", "postcode": 66801, "timezone": {"description": "Midway Island, Samoa", "offset": "-11:00"}}, "email": "\u0641\u0627\u0637\u0645\u0647 \u0632\u0647\u0631\u0627.\u0631\u0636\u0627\u06cc\u06cc\u0627\u0646@example.com", "nat": "IR", "id": {"value": null, "name": ""}, "cell": "0936-150-2263", "name": {"title": "ms", "first": "\u0641\u0627\u0637\u0645\u0647 \u0632\u0647\u0631\u0627", "last": "\u0631\u0636\u0627\u06cc\u06cc\u0627\u0646"}, "gender": "female", "login": {"salt": "R0xlojSY", "username": "crazypeacock111", "sha1": "951e4cc4b88d46ba23efa9ffe6fe7d890755d4dc", "md5": "77e3e1ea2520154af142e2bf41039136", "password": "champ", "uuid": "93b0795e-abf6-4232-bc34-c0dc94757f5c", "sha256": "e002adfee9f5393921da5643ab0613fbfd5bdbd3bcb3b15d1db718f03f09915c"}}]}{"info": {"version": "1.2", "seed": "40ad7cc2ddf31431", "page": 1, "results": 1}, "results": [{"registered": {"age": 4, "date": "2015-02-02T12:13:38Z"}, "phone": "09568350", "dob": {"age": 74, "date": "1944-11-14T05:19:10Z"}, "picture": {"large": "https://randomuser.me/api/portraits/men/83.jpg", "medium": "https://randomuser.me/api/portraits/med/men/83.jpg", "thumbnail": "https://randomuser.me/api/portraits/thumb/men/83.jpg"}, "location": {"coordinates": {"longitude": "-52.3156", "latitude": "-34.4454"}, "street": "4041 vesterlundvej", "city": "v.skerninge", "state": "nordjylland", "postcode": 18980, "timezone": {"description": "Eastern Time (US & Canada), Bogota, Lima", "offset": "-5:00"}}, "email": "philip.olsen@example.com", "nat": "DK", "id": {"value": "258522-8958", "name": "CPR"}, "cell": "58479015", "name": {"title": "mr", "first": "philip", "last": "olsen"}, "gender": "male", "login": {"salt": "bclAieo5", "username": "silverbird251", "sha1": "700570f730f02c1ffd1b40caa892141f048f9296", "md5": "de6d6f12d48ab15f9dc1490d666088b0", "password": "hazard", "uuid": "ca46ee81-0026-4213-a6b1-20cd0f8ad681", "sha256": "3484405331955c01d69cf8ce670b585c64d2617c0949d2bbb7ddcc2ed06b1b37"}}]}{"info": {"version": "1.2", "seed": "812bcf81dcd4750c", "page": 1, "results": 1}, "results": [{"registered": {"age": 1, "date": "2017-06-28T09:57:54Z"}, "phone": "02-421-622", "dob": {"age": 49, "date": "1969-12-23T10:56:30Z"}, "picture": {"large": "https://randomuser.me/api/portraits/men/41.jpg", "medium": "https://randomuser.me/api/portraits/med/men/41.jpg", "thumbnail": "https://randomuser.me/api/portraits/thumb/men/41.jpg"}, "location": {"coordinates": {"longitude": "-1.2346", "latitude": "-12.8840"}, "street": "9919 hermiankatu", "city": "jalasj\u00e4rvi", "state": "lapland", "postcode": 22401, "timezone": {"description": "Eastern Time (US & Canada), Bogota, Lima", "offset": "-5:00"}}, "email": "eemeli.leino@example.com", "nat": "FI", "id": {"value": "NaNNA781undefined", "name": "HETU"}, "cell": "041-298-67-82", "name": {"title": "mr", "first": "eemeli", "last": "leino"}, "gender": "male", "login": {"salt": "hy3olYed", "username": "greenbear799", "sha1": "4300af623e0b0930d09e5c2b8f838293a84940eb", "md5": "9297aeeb28a6884cc4ac908254260dae", "password": "gretchen", "uuid": "283f3242-16d3-43d1-8650-c7f606429341", "sha256": "587e0917b02b314e464ce75d998c04b8d26959cdf9f29b00b91bd6a13c9ea432"}}]}{"info": {"version": "1.2", "seed": "70114a4dc534fc31", "page": 1, "results": 1}, "results": [{"registered": {"age": 15, "date": "2004-02-26T15:51:19Z"}, "phone": "26766486", "dob": {"age": 22, "date": "1997-01-05T00:29:54Z"}, "picture": {"large": "https://randomuser.me/api/portraits/men/29.jpg", "medium": "https://randomuser.me/api/portraits/med/men/29.jpg", "thumbnail": "https://randomuser.me/api/portraits/thumb/men/29.jpg"}, "location": {"coordinates": {"longitude": "-119.4246", "latitude": "-35.8634"}, "street": "675 kirkevej", "city": "overby lyng", "state": "nordjylland", "postcode": 47549, "timezone": {"description": "Newfoundland", "offset": "-3:30"}}, "email": "bertram.pedersen@example.com", "nat": "DK", "id": {"value": "670066-9140", "name": "CPR"}, "cell": "09993131", "name": {"title": "mr", "first": "bertram", "last": "pedersen"}, "gender": "male", "login": {"salt": "Ioo2MU8U", "username": "angrysnake181", "sha1": "91dbc6ae8a3077d6440fe1135fe8e916ce2f9593", "md5": "94e4483ef89a81f6958ca07ecd0262a6", "password": "kristin", "uuid": "2b416996-833d-49cf-b80d-1f144abab6e9", "sha256": "6ed941936619359571009d966fa8bdadcb02bfa182e041a41e1ceac399f3eb31"}}]}{"results": [{"name": {"last": "mercier", "title": "monsieur", "first": "gino"}, "login": {"password": "best", "uuid": "5a4f7fd1-0306-41d0-b2c2-66389acdf4c5", "md5": "331686cf6bf6e32a0e01d457a31470da", "salt": "cmbyfZbC", "username": "smallcat464", "sha1": "dc665275867070e3df51f0574176be1acf646bbf", "sha256": "11bd775d8fcdd85673e0c96ba0201126f7bd79a45890c72d1d9f4d4a7a008a0f"}, "nat": "CH", "cell": "(593)-562-1587", "picture": {"thumbnail": "https://randomuser.me/api/portraits/thumb/men/52.jpg", "large": "https://randomuser.me/api/portraits/men/52.jpg", "medium": "https://randomuser.me/api/portraits/med/men/52.jpg"}, "phone": "(678)-927-3358", "email": "gino.mercier@example.com", "dob": {"date": "1965-10-08T19:33:45Z", "age": 53}, "id": {"value": "756.9888.9124.05", "name": "AVS"}, "registered": {"date": "2005-08-13T00:28:14Z", "age": 13}, "location": {"street": "9515 rue chazi\u00e8re", "city": "wigoltingen", "timezone": {"offset": "-4:00", "description": "Atlantic Time (Canada), Caracas, La Paz"}, "coordinates": {"longitude": "-163.5147", "latitude": "-56.1443"}, "state": "valais", "postcode": 6088}, "gender": "male"}], "info": {"results": 1, "seed": "c13bcfac928a3d53", "version": "1.2", "page": 1}}{"results": [{"name": {"last": "little", "title": "miss", "first": "louella"}, "login": {"password": "kashmir", "uuid": "984e790f-cc74-4fba-b789-1ebcc8c4b18b", "md5": "f2c9e6556ddcf037fde78079b2a336a9", "salt": "WDp9TPmB", "username": "purplebird923", "sha1": "ca722cd2e4fb31c5724c5daaca146bb5d1c6b587", "sha256": "9d79b914c0a31326621901f5298eac79fcda9442e8436684d5f90640ad2284d2"}, "nat": "AU", "cell": "0492-647-477", "picture": {"thumbnail": "https://randomuser.me/api/portraits/thumb/women/75.jpg", "large": "https://randomuser.me/api/portraits/women/75.jpg", "medium": "https://randomuser.me/api/portraits/med/women/75.jpg"}, "phone": "05-7370-5749", "email": "louella.little@example.com", "dob": {"date": "1982-09-06T23:05:34Z", "age": 36}, "id": {"value": "807775825", "name": "TFN"}, "registered": {"date": "2014-09-03T00:56:10Z", "age": 4}, "location": {"street": "900 photinia ave", "city": "albury", "timezone": {"offset": "+9:30", "description": "Adelaide, Darwin"}, "coordinates": {"longitude": "98.1980", "latitude": "-84.6590"}, "state": "western australia", "postcode": 3637}, "gender": "female"}], "info": {"results": 1, "seed": "e409bf68f810b46f", "version": "1.2", "page": 1}}{"results": [{"name": {"last": "hakala", "title": "miss", "first": "nella"}, "login": {"password": "cecile", "uuid": "a112f42b-5ac9-43a4-8a38-6f2ad4994cc6", "md5": "c655b072c215e02fef26fcb8a23b4e66", "salt": "NWJpPrbP", "username": "orangegorilla970", "sha1": "e48f8c5d65864b0ea2769e35d917d02cff8a2f93", "sha256": "3cad49a6c022d108163a62e318b65a46151d724e7f5778b94c84ce6b4c911faa"}, "nat": "FI", "cell": "040-685-40-61", "picture": {"thumbnail": "https://randomuser.me/api/portraits/thumb/women/79.jpg", "large": "https://randomuser.me/api/portraits/women/79.jpg", "medium": "https://randomuser.me/api/portraits/med/women/79.jpg"}, "phone": "04-552-774", "email": "nella.hakala@example.com", "dob": {"date": "1953-04-03T09:32:48Z", "age": 65}, "id": {"value": "NaNNA768undefined", "name": "HETU"}, "registered": {"date": "2013-04-29T11:03:33Z", "age": 5}, "location": {"street": "9790 h\u00e4meentie", "city": "janakkala", "timezone": {"offset": "-7:00", "description": "Mountain Time (US & Canada)"}, "coordinates": {"longitude": "170.8766", "latitude": "-15.5014"}, "state": "south karelia", "postcode": 42128}, "gender": "female"}], "info": {"results": 1, "seed": "8b9d5080339cec32", "version": "1.2", "page": 1}}{"results": [{"name": {"last": "reed", "title": "mrs", "first": "rosalyn"}, "login": {"password": "santa", "uuid": "cc7581bc-1d5b-4dc1-bfc7-6eadb67cec68", "md5": "710252ba2239e28a6091efeff0090181", "salt": "3vR3WfC8", "username": "heavygorilla895", "sha1": "def0012d80c698f1a970052069f479fd9f7b5459", "sha256": "604cae619123d715baeb1acf8c73baa551d4b0dd4c0894fd751dc5779a71d1e4"}, "nat": "IE", "cell": "081-221-1900", "picture": {"thumbnail": "https://randomuser.me/api/portraits/thumb/women/71.jpg", "large": "https://randomuser.me/api/portraits/women/71.jpg", "medium": "https://randomuser.me/api/portraits/med/women/71.jpg"}, "phone": "031-478-7459", "email": "rosalyn.reed@example.com", "dob": {"date": "1979-05-28T13:02:52Z", "age": 39}, "id": {"value": "7367557T", "name": "PPS"}, "registered": {"date": "2015-11-05T00:43:32Z", "age": 3}, "location": {"street": "5297 church road", "city": "oranmore", "timezone": {"offset": "-3:00", "description": "Brazil, Buenos Aires, Georgetown"}, "coordinates": {"longitude": "2.0529", "latitude": "16.4517"}, "state": "roscommon", "postcode": 20521}, "gender": "female"}], "info": {"results": 1, "seed": "8c4f5e59943ed04d", "version": "1.2", "page": 1}}{"results": [{"name": {"last": "j\u00f8rgensen", "title": "ms", "first": "nanna"}, "login": {"password": "irving", "uuid": "b4d671da-223b-4cd1-ba7f-fd4ca0b03436", "md5": "84aa09ba90f3f6c3743ce038267af8e1", "salt": "imTW2h9O", "username": "yellowwolf840", "sha1": "08537191f4f622eec93c0bae914e12087811901c", "sha256": "b7e2935fd14ec7a7fe88a4167ab4e712923f4f1957d0d4801ff3561122516363"}, "nat": "DK", "cell": "56729879", "picture": {"thumbnail": "https://randomuser.me/api/portraits/thumb/women/62.jpg", "large": "https://randomuser.me/api/portraits/women/62.jpg", "medium": "https://randomuser.me/api/portraits/med/women/62.jpg"}, "phone": "07022240", "email": "nanna.j\u00f8rgensen@example.com", "dob": {"date": "1958-09-08T20:57:52Z", "age": 60}, "id": {"value": "506201-1038", "name": "CPR"}, "registered": {"date": "2014-09-28T12:18:18Z", "age": 4}, "location": {"street": "4555 byagervej", "city": "s\u00f8nder stenderup", "timezone": {"offset": "-1:00", "description": "Azores, Cape Verde Islands"}, "coordinates": {"longitude": "127.7756", "latitude": "-31.7489"}, "state": "sj\u00e6lland", "postcode": 22067}, "gender": "female"}], "info": {"results": 1, "seed": "0aaa7ea01ea8b459", "version": "1.2", "page": 1}}{"results": [{"name": {"last": "berentsen", "title": "ms", "first": "karianne"}, "login": {"password": "tarheels", "uuid": "70a89d4e-6649-4728-94e1-6c1460dcb30e", "md5": "512694199de5c3f46807b5c3d2344bdf", "salt": "yqKBjItt", "username": "bigkoala787", "sha1": "904ea586ae41b0ed2391319610ad275aa4d723b0", "sha256": "8ff8ec07fdce83ce7d8e02e28ebaf7c4d5b3c3785cfd59b797e2bd1c83bb06d0"}, "nat": "NO", "cell": "96842560", "picture": {"thumbnail": "https://randomuser.me/api/portraits/thumb/women/41.jpg", "large": "https://randomuser.me/api/portraits/women/41.jpg", "medium": "https://randomuser.me/api/portraits/med/women/41.jpg"}, "phone": "28772091", "email": "karianne.berentsen@example.com", "dob": {"date": "1950-11-24T03:16:44Z", "age": 68}, "id": {"value": "24115040371", "name": "FN"}, "registered": {"date": "2007-02-01T13:15:07Z", "age": 12}, "location": {"street": "stortingsgata 5550", "city": "harestua", "timezone": {"offset": "+3:00", "description": "Baghdad, Riyadh, Moscow, St. Petersburg"}, "coordinates": {"longitude": "174.2694", "latitude": "55.7250"}, "state": "tr\u00f8ndelag", "postcode": "5779"}, "gender": "female"}], "info": {"results": 1, "seed": "91ba2b1d442a6626", "version": "1.2", "page": 1}}{"results": [{"name": {"last": "andre", "title": "monsieur", "first": "romain"}, "login": {"password": "thegreat", "uuid": "d0acdd7a-1145-439f-9ee9-90cf6b794b1e", "md5": "9afb297f6e2f44c0ad7e3369776aad38", "salt": "fhrxnK9J", "username": "tinymeercat633", "sha1": "d5aac4b47fdb11ca6ac05d3cf4b320930c280091", "sha256": "80d97595d1c50c5657fc0a3958e8ce1a479d5e094ba69f2233f54e358aae9146"}, "nat": "CH", "cell": "(718)-436-0140", "picture": {"thumbnail": "https://randomuser.me/api/portraits/thumb/men/96.jpg", "large": "https://randomuser.me/api/portraits/men/96.jpg", "medium": "https://randomuser.me/api/portraits/med/men/96.jpg"}, "phone": "(745)-270-8344", "email": "romain.andre@example.com", "dob": {"date": "1945-04-01T01:36:22Z", "age": 73}, "id": {"value": "756.5436.4231.32", "name": "AVS"}, "registered": {"date": "2015-02-15T19:50:09Z", "age": 4}, "location": {"street": "8060 rue du village", "city": "sursee", "timezone": {"offset": "+4:30", "description": "Kabul"}, "coordinates": {"longitude": "-63.4874", "latitude": "-53.5931"}, "state": "luzern", "postcode": 4726}, "gender": "male"}], "info": {"results": 1, "seed": "f3b6314b0d9133a8", "version": "1.2", "page": 1}}{"results": [{"name": {"last": "\u0632\u0627\u0631\u0639\u06cc", "title": "mr", "first": "\u0633\u067e\u0647\u0631"}, "login": {"password": "eminem", "uuid": "73860b44-8ba3-4085-a5ad-e503fff2b5da", "md5": "88cca0c144092d7656847926681c26fe", "salt": "IQOpcFtA", "username": "redswan902", "sha1": "fcf189f3cfc54b4c291423e8e6547b458ff00203", "sha256": "ae0f4cae86e573a94cfcc41f01650b4e68d02854a2f7115718c680448a993f59"}, "nat": "IR", "cell": "0917-080-3115", "picture": {"thumbnail": "https://randomuser.me/api/portraits/thumb/men/22.jpg", "large": "https://randomuser.me/api/portraits/men/22.jpg", "medium": "https://randomuser.me/api/portraits/med/men/22.jpg"}, "phone": "099-91738685", "email": "\u0633\u067e\u0647\u0631.\u0632\u0627\u0631\u0639\u06cc@example.com", "dob": {"date": "1963-07-13T17:41:52Z", "age": 55}, "id": {"value": null, "name": ""}, "registered": {"date": "2002-08-30T04:58:30Z", "age": 16}, "location": {"street": "4072 \u0622\u06cc\u062a \u0627\u0644\u0644\u0647 \u0637\u0627\u0644\u0642\u0627\u0646\u06cc", "city": "\u0642\u0645", "timezone": {"offset": "+3:00", "description": "Baghdad, Riyadh, Moscow, St. Petersburg"}, "coordinates": {"longitude": "-128.3195", "latitude": "34.0827"}, "state": "\u062a\u0647\u0631\u0627\u0646", "postcode": 37853}, "gender": "male"}], "info": {"results": 1, "seed": "7398cea19c0b9e99", "version": "1.2", "page": 1}}{"results": [{"name": {"last": "peters", "title": "mrs", "first": "holly"}, "login": {"password": "012345", "uuid": "6b6d1d45-1df3-4f13-9109-1268279679ca", "md5": "16efdc854ba09063f69a9d13cf7004d6", "salt": "30o0fp3g", "username": "organicbutterfly254", "sha1": "b8accaeb05c4bc4b426ab047adbcea1b00144b6e", "sha256": "f0333375c318180bacf96ea0717eb97bbc4f06cb6a683dc3b1e98676a4404fbf"}, "nat": "AU", "cell": "0423-001-782", "picture": {"thumbnail": "https://randomuser.me/api/portraits/thumb/women/17.jpg", "large": "https://randomuser.me/api/portraits/women/17.jpg", "medium": "https://randomuser.me/api/portraits/med/women/17.jpg"}, "phone": "04-5446-7673", "email": "holly.peters@example.com", "dob": {"date": "1964-12-16T15:53:29Z", "age": 54}, "id": {"value": "003213468", "name": "TFN"}, "registered": {"date": "2011-02-07T18:26:17Z", "age": 8}, "location": {"street": "9889 valwood pkwy", "city": "coffs harbour", "timezone": {"offset": "+7:00", "description": "Bangkok, Hanoi, Jakarta"}, "coordinates": {"longitude": "22.4082", "latitude": "-88.4035"}, "state": "northern territory", "postcode": 9318}, "gender": "female"}], "info": {"results": 1, "seed": "589dd323e089761d", "version": "1.2", "page": 1}}{"results": [{"login": {"sha1": "e3cf69dd0793ff42676503887edceab6bc48654d", "salt": "ONZzEfHT", "password": "cassidy", "sha256": "25cfcbc99b2d6d00d3c312b7c2c3648f28fde9ae7908f3b7defb6ac7535539f4", "username": "angrygoose976", "uuid": "bbf6fcb5-caad-4671-8b30-5f32ed1b5379", "md5": "9b8e9bb55b2735739af1266f259e0341"}, "gender": "female", "location": {"state": "dyfed", "street": "9485 st. john\u2019s road", "coordinates": {"latitude": "7.8057", "longitude": "138.3756"}, "postcode": "K4F 4NZ", "city": "ripon", "timezone": {"offset": "-2:00", "description": "Mid-Atlantic"}}, "dob": {"age": 64, "date": "1954-10-01T07:12:32Z"}, "picture": {"medium": "https://randomuser.me/api/portraits/med/women/85.jpg", "large": "https://randomuser.me/api/portraits/women/85.jpg", "thumbnail": "https://randomuser.me/api/portraits/thumb/women/85.jpg"}, "cell": "0785-788-806", "id": {"value": "XR 44 53 36 I", "name": "NINO"}, "phone": "01225 538218", "registered": {"age": 14, "date": "2004-10-27T07:22:58Z"}, "nat": "GB", "name": {"last": "phillips", "first": "molly", "title": "ms"}, "email": "molly.phillips@example.com"}], "info": {"results": 1, "seed": "7a76a8db9182752a", "page": 1, "version": "1.2"}}{"results": [{"login": {"sha1": "88ede7f1dd86bbb18450a15d96b01982659ef92c", "salt": "RsfzOPli", "password": "davies", "sha256": "fd7653adadff8246cfba01542dbaec0563ba8026ab6017438693e4c7f136a447", "username": "ticklishgorilla300", "uuid": "41b67842-fb41-46aa-a24d-631426300a3f", "md5": "715778dd5e880c97050c00a990eb5262"}, "gender": "female", "location": {"state": "berlin", "street": "kirchstra\u00dfe 54", "coordinates": {"latitude": "-46.8246", "longitude": "39.2193"}, "postcode": 99348, "city": "gevelsberg", "timezone": {"offset": "-1:00", "description": "Azores, Cape Verde Islands"}}, "dob": {"age": 68, "date": "1950-10-17T21:12:14Z"}, "picture": {"medium": "https://randomuser.me/api/portraits/med/women/15.jpg", "large": "https://randomuser.me/api/portraits/women/15.jpg", "thumbnail": "https://randomuser.me/api/portraits/thumb/women/15.jpg"}, "cell": "0172-5972480", "id": {"value": null, "name": ""}, "phone": "0320-0629332", "registered": {"age": 12, "date": "2006-05-24T02:03:39Z"}, "nat": "DE", "name": {"last": "br\u00fcning", "first": "florence", "title": "ms"}, "email": "florence.br\u00fcning@example.com"}], "info": {"results": 1, "seed": "a7accbf3096c56a2", "page": 1, "version": "1.2"}}{"results": [{"login": {"sha1": "d91e96d9e64eea0d71af4f43f5d2e0a29b6a0b4a", "salt": "uBZCpi2K", "password": "ulysses", "sha256": "8ed31ed9855ad6f3acc6967c012959cf14fca9a32cb671b58e4ab6466c2fc185", "username": "yellowbutterfly157", "uuid": "2c8085da-57d7-432d-9ef1-1fcaf1237aa4", "md5": "f6b0d4f239e54b20d47805201afe62c6"}, "gender": "male", "location": {"state": "victoria", "street": "5621 mockingbird hill", "coordinates": {"latitude": "-89.8471", "longitude": "-12.8964"}, "postcode": 8201, "city": "geelong", "timezone": {"offset": "+3:00", "description": "Baghdad, Riyadh, Moscow, St. Petersburg"}}, "dob": {"age": 24, "date": "1994-04-19T20:43:08Z"}, "picture": {"medium": "https://randomuser.me/api/portraits/med/men/68.jpg", "large": "https://randomuser.me/api/portraits/men/68.jpg", "thumbnail": "https://randomuser.me/api/portraits/thumb/men/68.jpg"}, "cell": "0495-447-926", "id": {"value": "273229727", "name": "TFN"}, "phone": "09-1124-6620", "registered": {"age": 4, "date": "2014-10-12T20:56:45Z"}, "nat": "AU", "name": {"last": "robertson", "first": "bryan", "title": "mr"}, "email": "bryan.robertson@example.com"}], "info": {"results": 1, "seed": "afb80b780201da51", "page": 1, "version": "1.2"}}{"results": [{"login": {"sha1": "ef95b17f029a2991af498f22243004c4dd77bde4", "salt": "mONDWJe4", "password": "cayman", "sha256": "d597978cf946b14dd5796f0b282dcc381ce557724f77c5c0b56aa1d563f4f1ad", "username": "orangemeercat421", "uuid": "97647a82-13aa-47c9-9e38-952653524f40", "md5": "24bb508c3e81ac3d2bf9e85db27e0522"}, "gender": "female", "location": {"state": "asturias", "street": "4570 calle de tetu\u00e1n", "coordinates": {"latitude": "-25.2114", "longitude": "169.6045"}, "postcode": 16804, "city": "m\u00e9rida", "timezone": {"offset": "-4:00", "description": "Atlantic Time (Canada), Caracas, La Paz"}}, "dob": {"age": 67, "date": "1951-04-07T12:00:02Z"}, "picture": {"medium": "https://randomuser.me/api/portraits/med/women/30.jpg", "large": "https://randomuser.me/api/portraits/women/30.jpg", "thumbnail": "https://randomuser.me/api/portraits/thumb/women/30.jpg"}, "cell": "662-719-633", "id": {"value": "83997814-F", "name": "DNI"}, "phone": "913-129-209", "registered": {"age": 10, "date": "2008-07-18T15:56:01Z"}, "nat": "ES", "name": {"last": "jimenez", "first": "luisa", "title": "mrs"}, "email": "luisa.jimenez@example.com"}], "info": {"results": 1, "seed": "769496b5475f0c48", "page": 1, "version": "1.2"}}